序号,链接,节点数
0,https://gitlab.com/colloq168/nodefiltrate/-/raw/main/filtrate?ref_type=heads,164
1,https://raw.githubusercontent.com/Alvin9999/pac2/master/clash.meta2/1/config.yaml,0
2,https://raw.githubusercontent.com/Alvin9999/pac2/master/clash.meta2/13/config.yaml,0
3,https://raw.githubusercontent.com/Alvin9999/pac2/master/clash.meta2/15/config.yaml,0
4,https://raw.githubusercontent.com/Alvin9999/pac2/master/clash.meta2/2/config.yaml,0
5,https://raw.githubusercontent.com/Alvin9999/pac2/master/clash.meta2/config.yaml,0
6,https://raw.githubusercontent.com/Huibq/TrojanLinks/master/links/vmess,0
7,https://raw.githubusercontent.com/Surfboardv2ray/TGParse/main/python/hy2,0
8,https://raw.githubusercontent.com/Surfboardv2ray/TGParse/main/python/hysteria2,1
9,https://raw.githubusercontent.com/qjlxg/hy2/main/splitted/hy2,0
10,https://raw.githubusercontent.com/ripaojiedian/freenode/main/clash,23
11,https://raw.githubusercontent.com/ripaojiedian/freenode/main/sub,24
12,https://raw.githubusercontent.com/zhangkaiitugithub/passcro/main/speednodes.yaml,231
13,https://wjMZbQ.absslk.xyz/df5a302f97d456621972bfd49158b30f,38
14,https://yCGa5V.mcsslk.xyz/256379b933047b609c453c4240f148fb,39
15,dynamic://peasoft,0

总计,,476
